raw_sigma_min,raw_cond,norm_sigma_min,norm_cond
0.3000755150437755,580.821804271355,0.03154219749615112,756.0950871366147
