lambda_star,mean_error,std_error,noise_gain,curvature,index
0.01,1.340309820255791,0.0002020289896200094,4.542862710576983,0.84787888949384,20
